ID,Group,url
GERO 2315,GERO,https://planner.langaracs.ca/courses/GERO/2315
GERO 1200,GERO,https://planner.langaracs.ca/courses/GERO/1200
GERO 1215,GERO,https://planner.langaracs.ca/courses/GERO/1215
GERO 1300,GERO,https://planner.langaracs.ca/courses/GERO/1300
WMDD 4997,WMDD,https://planner.langaracs.ca/courses/WMDD/4997
WMDD 4900,WMDD,https://planner.langaracs.ca/courses/WMDD/4900
WMDD 4905,WMDD,https://planner.langaracs.ca/courses/WMDD/4905
WMDD 4925,WMDD,https://planner.langaracs.ca/courses/WMDD/4925
WMDD 4961,WMDD,https://planner.langaracs.ca/courses/WMDD/4961
WMDD 4980,WMDD,https://planner.langaracs.ca/courses/WMDD/4980
CPSC 1280,CPSC,https://planner.langaracs.ca/courses/CPSC/1280
CPSC 1150,CPSC,https://planner.langaracs.ca/courses/CPSC/1150
CPSC 1155,CPSC,https://planner.langaracs.ca/courses/CPSC/1155
FINA 2260,FINA,https://planner.langaracs.ca/courses/FINA/2260
FINA 2160,FINA,https://planner.langaracs.ca/courses/FINA/2160
CPSC 2280,CPSC,https://planner.langaracs.ca/courses/CPSC/2280
CPSC 2150,CPSC,https://planner.langaracs.ca/courses/CPSC/2150
ANTH 2270,ANTH,https://planner.langaracs.ca/courses/ANTH/2270
ANTH 1120,ANTH,https://planner.langaracs.ca/courses/ANTH/1120
SOCI 1120,SOCI,https://planner.langaracs.ca/courses/SOCI/1120
SOCI 1121,SOCI,https://planner.langaracs.ca/courses/SOCI/1121
PHOT 2441,PHOT,https://planner.langaracs.ca/courses/PHOT/2441
PHOT 1125,PHOT,https://planner.langaracs.ca/courses/PHOT/1125
BINF 3100,BINF,https://planner.langaracs.ca/courses/BINF/3100
BINF 2100,BINF,https://planner.langaracs.ca/courses/BINF/2100
NURS 4265,NURS,https://planner.langaracs.ca/courses/NURS/4265
NURS 3321,NURS,https://planner.langaracs.ca/courses/NURS/3321
NURS 4161,NURS,https://planner.langaracs.ca/courses/NURS/4161
NURS 4163,NURS,https://planner.langaracs.ca/courses/NURS/4163
STAT 1123,STAT,https://planner.langaracs.ca/courses/STAT/1123
CHIN 2217,CHIN,https://planner.langaracs.ca/courses/CHIN/2217
CHIN 2215,CHIN,https://planner.langaracs.ca/courses/CHIN/2215
WMDD 4850,WMDD,https://planner.langaracs.ca/courses/WMDD/4850
PHOT 2486,PHOT,https://planner.langaracs.ca/courses/PHOT/2486
PHOT 2485,PHOT,https://planner.langaracs.ca/courses/PHOT/2485
FMGT 4824,FMGT,https://planner.langaracs.ca/courses/FMGT/4824
FMGT 4820,FMGT,https://planner.langaracs.ca/courses/FMGT/4820
CPSC 2650,CPSC,https://planner.langaracs.ca/courses/CPSC/2650
CPSC 2350,CPSC,https://planner.langaracs.ca/courses/CPSC/2350
CPSC 2600,CPSC,https://planner.langaracs.ca/courses/CPSC/2600
KINS 1110,KINS,https://planner.langaracs.ca/courses/KINS/1110
KINS 1100,KINS,https://planner.langaracs.ca/courses/KINS/1100
KINS 1131,KINS,https://planner.langaracs.ca/courses/KINS/1131
BUSM 1902,BUSM,https://planner.langaracs.ca/courses/BUSM/1902
BUSM 1901,BUSM,https://planner.langaracs.ca/courses/BUSM/1901
BUSM 4805,BUSM,https://planner.langaracs.ca/courses/BUSM/4805
FMGT 4800,FMGT,https://planner.langaracs.ca/courses/FMGT/4800
FMGT 4870,FMGT,https://planner.langaracs.ca/courses/FMGT/4870
FINA 2262,FINA,https://planner.langaracs.ca/courses/FINA/2262
FINA 2162,FINA,https://planner.langaracs.ca/courses/FINA/2162
LIBR 1219,LIBR,https://planner.langaracs.ca/courses/LIBR/1219
LIBR 1111,LIBR,https://planner.langaracs.ca/courses/LIBR/1111
LIBR 1118,LIBR,https://planner.langaracs.ca/courses/LIBR/1118
ENGL 2327,ENGL,https://planner.langaracs.ca/courses/ENGL/2327
ENGL 2227,ENGL,https://planner.langaracs.ca/courses/ENGL/2227
BUSM 4820,BUSM,https://planner.langaracs.ca/courses/BUSM/4820
BUSM 4800,BUSM,https://planner.langaracs.ca/courses/BUSM/4800
ECON 2155,ECON,https://planner.langaracs.ca/courses/ECON/2155
ECON 1220,ECON,https://planner.langaracs.ca/courses/ECON/1220
ECON 1221,ECON,https://planner.langaracs.ca/courses/ECON/1221
ECON 2260,ECON,https://planner.langaracs.ca/courses/ECON/2260
ECON 2221,ECON,https://planner.langaracs.ca/courses/ECON/2221
ECON 2280,ECON,https://planner.langaracs.ca/courses/ECON/2280
ECON 2210,ECON,https://planner.langaracs.ca/courses/ECON/2210
ENGL 1099,ENGL,https://planner.langaracs.ca/courses/ENGL/1099
ENGL 1098,ENGL,https://planner.langaracs.ca/courses/ENGL/1098
FLMA 1220,FLMA,https://planner.langaracs.ca/courses/FLMA/1220
FLMA 1120,FLMA,https://planner.langaracs.ca/courses/FLMA/1120
JOUR 2330,JOUR,https://planner.langaracs.ca/courses/JOUR/2330
JOUR 1178,JOUR,https://planner.langaracs.ca/courses/JOUR/1178
COOP 4301,COOP,https://planner.langaracs.ca/courses/COOP/4301
COOP 3301,COOP,https://planner.langaracs.ca/courses/COOP/3301
SSRV 1230,SSRV,https://planner.langaracs.ca/courses/SSRV/1230
SSRV 1131,SSRV,https://planner.langaracs.ca/courses/SSRV/1131
EXPE 4802,EXPE,https://planner.langaracs.ca/courses/EXPE/4802
EXPE 4801,EXPE,https://planner.langaracs.ca/courses/EXPE/4801
BINF 1100,BINF,https://planner.langaracs.ca/courses/BINF/1100
LIBR 2416,LIBR,https://planner.langaracs.ca/courses/LIBR/2416
EDAS 1211,EDAS,https://planner.langaracs.ca/courses/EDAS/1211
EDAS 1111,EDAS,https://planner.langaracs.ca/courses/EDAS/1111
SSRV 1231,SSRV,https://planner.langaracs.ca/courses/SSRV/1231
BUSM 4830,BUSM,https://planner.langaracs.ca/courses/BUSM/4830
BUSM 4810,BUSM,https://planner.langaracs.ca/courses/BUSM/4810
DANA 4810,DANA,https://planner.langaracs.ca/courses/DANA/4810
FINA 2135,FINA,https://planner.langaracs.ca/courses/FINA/2135
FINA 1120,FINA,https://planner.langaracs.ca/courses/FINA/1120
FINA 1131,FINA,https://planner.langaracs.ca/courses/FINA/1131
FINA 1161,FINA,https://planner.langaracs.ca/courses/FINA/1161
GERO 1916,GERO,https://planner.langaracs.ca/courses/GERO/1916
GERO 1816,GERO,https://planner.langaracs.ca/courses/GERO/1816
CPSC 4260,CPSC,https://planner.langaracs.ca/courses/CPSC/4260
CPSC 4160,CPSC,https://planner.langaracs.ca/courses/CPSC/4160
PSYC 2326,PSYC,https://planner.langaracs.ca/courses/PSYC/2326
PSYC 1115,PSYC,https://planner.langaracs.ca/courses/PSYC/1115
PSYC 1215,PSYC,https://planner.langaracs.ca/courses/PSYC/1215
PSYC 2325,PSYC,https://planner.langaracs.ca/courses/PSYC/2325
EDAS 1311,EDAS,https://planner.langaracs.ca/courses/EDAS/1311
FINA 2271,FINA,https://planner.langaracs.ca/courses/FINA/2271
FINA 2171,FINA,https://planner.langaracs.ca/courses/FINA/2171
PHOT 2425,PHOT,https://planner.langaracs.ca/courses/PHOT/2425
PHOT 2305,PHOT,https://planner.langaracs.ca/courses/PHOT/2305
PHOT 2310,PHOT,https://planner.langaracs.ca/courses/PHOT/2310
PHOT 2325,PHOT,https://planner.langaracs.ca/courses/PHOT/2325
MARK 4195,MARK,https://planner.langaracs.ca/courses/MARK/4195
MARK 1115,MARK,https://planner.langaracs.ca/courses/MARK/1115
FMGT 2350,FMGT,https://planner.langaracs.ca/courses/FMGT/2350
FMGT 1115,FMGT,https://planner.langaracs.ca/courses/FMGT/1115
FMGT 1116,FMGT,https://planner.langaracs.ca/courses/FMGT/1116
FMGT 2293,FMGT,https://planner.langaracs.ca/courses/FMGT/2293
PHYS 2409,PHYS,https://planner.langaracs.ca/courses/PHYS/2409
PHYS 2309,PHYS,https://planner.langaracs.ca/courses/PHYS/2309
BUSM 4840,BUSM,https://planner.langaracs.ca/courses/BUSM/4840
NURS 5150,NURS,https://planner.langaracs.ca/courses/NURS/5150
CPSC 1045,CPSC,https://planner.langaracs.ca/courses/CPSC/1045
CPSC 1030,CPSC,https://planner.langaracs.ca/courses/CPSC/1030
CPSC 1040,CPSC,https://planner.langaracs.ca/courses/CPSC/1040
GERO 1100,GERO,https://planner.langaracs.ca/courses/GERO/1100
POLI 2245,POLI,https://planner.langaracs.ca/courses/POLI/2245
POLI 1119,POLI,https://planner.langaracs.ca/courses/POLI/1119
POLI 1140,POLI,https://planner.langaracs.ca/courses/POLI/1140
POLI 1145,POLI,https://planner.langaracs.ca/courses/POLI/1145
ENGL 1108,ENGL,https://planner.langaracs.ca/courses/ENGL/1108
ENGL 1107,ENGL,https://planner.langaracs.ca/courses/ENGL/1107
DANA 4850,DANA,https://planner.langaracs.ca/courses/DANA/4850
CPSC 4830,CPSC,https://planner.langaracs.ca/courses/CPSC/4830
DANA 4830,DANA,https://planner.langaracs.ca/courses/DANA/4830
DANA 4840,DANA,https://planner.langaracs.ca/courses/DANA/4840
PSYC 3240,PSYC,https://planner.langaracs.ca/courses/PSYC/3240
BUSM 2200,BUSM,https://planner.langaracs.ca/courses/BUSM/2200
PSYC 3220,PSYC,https://planner.langaracs.ca/courses/PSYC/3220
PSYC 3200,PSYC,https://planner.langaracs.ca/courses/PSYC/3200
PSYC 3230,PSYC,https://planner.langaracs.ca/courses/PSYC/3230
WMDD 4885,WMDD,https://planner.langaracs.ca/courses/WMDD/4885
FINA 2240,FINA,https://planner.langaracs.ca/courses/FINA/2240
FINA 2140,FINA,https://planner.langaracs.ca/courses/FINA/2140
COOP 2501,COOP,https://planner.langaracs.ca/courses/COOP/2501
COOP 2514,COOP,https://planner.langaracs.ca/courses/COOP/2514
ECED 1202,ECED,https://planner.langaracs.ca/courses/ECED/1202
ECED 1102,ECED,https://planner.langaracs.ca/courses/ECED/1102
FINA 2115,FINA,https://planner.langaracs.ca/courses/FINA/2115
FINA 1111,FINA,https://planner.langaracs.ca/courses/FINA/1111
WMDD 4910,WMDD,https://planner.langaracs.ca/courses/WMDD/4910
WMDD 4811,WMDD,https://planner.langaracs.ca/courses/WMDD/4811
LIBR 2411,LIBR,https://planner.langaracs.ca/courses/LIBR/2411
DSGN 1253,DSGN,https://planner.langaracs.ca/courses/DSGN/1253
DSGN 1153,DSGN,https://planner.langaracs.ca/courses/DSGN/1153
WMDD 4945,WMDD,https://planner.langaracs.ca/courses/WMDD/4945
WMDD 4930,WMDD,https://planner.langaracs.ca/courses/WMDD/4930
WMDD 4940,WMDD,https://planner.langaracs.ca/courses/WMDD/4940
FMGT 4880,FMGT,https://planner.langaracs.ca/courses/FMGT/4880
DASH 2000,DASH,https://planner.langaracs.ca/courses/DASH/2000
DASH 1199,DASH,https://planner.langaracs.ca/courses/DASH/1199
BIOL 4415,BIOL,https://planner.langaracs.ca/courses/BIOL/4415
BIOL 2315,BIOL,https://planner.langaracs.ca/courses/BIOL/2315
BIOL 4315,BIOL,https://planner.langaracs.ca/courses/BIOL/4315
FLMA 1281,FLMA,https://planner.langaracs.ca/courses/FLMA/1281
FLMA 1170,FLMA,https://planner.langaracs.ca/courses/FLMA/1170
FLMA 1181,FLMA,https://planner.langaracs.ca/courses/FLMA/1181
DSGN 2254,DSGN,https://planner.langaracs.ca/courses/DSGN/2254
DSGN 2054,DSGN,https://planner.langaracs.ca/courses/DSGN/2054
DSGN 2155,DSGN,https://planner.langaracs.ca/courses/DSGN/2155
DSGN 2151,DSGN,https://planner.langaracs.ca/courses/DSGN/2151
DSGN 2354,DSGN,https://planner.langaracs.ca/courses/DSGN/2354
CHIN 1217,CHIN,https://planner.langaracs.ca/courses/CHIN/1217
CHIN 1117,CHIN,https://planner.langaracs.ca/courses/CHIN/1117
MATH 1275,MATH,https://planner.langaracs.ca/courses/MATH/1275
MATH 1171,MATH,https://planner.langaracs.ca/courses/MATH/1171
MATH 1173,MATH,https://planner.langaracs.ca/courses/MATH/1173
MATH 1174,MATH,https://planner.langaracs.ca/courses/MATH/1174
MATH 1175,MATH,https://planner.langaracs.ca/courses/MATH/1175
MATH 1253,MATH,https://planner.langaracs.ca/courses/MATH/1253
POLI 1195,POLI,https://planner.langaracs.ca/courses/POLI/1195
GERO 2400,GERO,https://planner.langaracs.ca/courses/GERO/2400
GERO 1400,GERO,https://planner.langaracs.ca/courses/GERO/1400
CHIN 1215,CHIN,https://planner.langaracs.ca/courses/CHIN/1215
CHIN 1115,CHIN,https://planner.langaracs.ca/courses/CHIN/1115
SOCI 2223,SOCI,https://planner.langaracs.ca/courses/SOCI/2223
SOCI 1127,SOCI,https://planner.langaracs.ca/courses/SOCI/1127
SOCI 2222,SOCI,https://planner.langaracs.ca/courses/SOCI/2222
SOCI 2240,SOCI,https://planner.langaracs.ca/courses/SOCI/2240
SOCI 2260,SOCI,https://planner.langaracs.ca/courses/SOCI/2260
SOCI 2225,SOCI,https://planner.langaracs.ca/courses/SOCI/2225
SOCI 2220,SOCI,https://planner.langaracs.ca/courses/SOCI/2220
SOCI 2205,SOCI,https://planner.langaracs.ca/courses/SOCI/2205
SOCI 2230,SOCI,https://planner.langaracs.ca/courses/SOCI/2230
SOCI 2210,SOCI,https://planner.langaracs.ca/courses/SOCI/2210
SOCI 2200,SOCI,https://planner.langaracs.ca/courses/SOCI/2200
SOCI 2250,SOCI,https://planner.langaracs.ca/courses/SOCI/2250
PHOT 1150,PHOT,https://planner.langaracs.ca/courses/PHOT/1150
PHOT 1100,PHOT,https://planner.langaracs.ca/courses/PHOT/1100
PHOT 1105,PHOT,https://planner.langaracs.ca/courses/PHOT/1105
JOUR 2475,JOUR,https://planner.langaracs.ca/courses/JOUR/2475
JOUR 2279,JOUR,https://planner.langaracs.ca/courses/JOUR/2279
JOUR 2380,JOUR,https://planner.langaracs.ca/courses/JOUR/2380
FREN 1117,FREN,https://planner.langaracs.ca/courses/FREN/1117
French 11,HS Course,
FREN 1215,FREN,https://planner.langaracs.ca/courses/FREN/1215
APPL 5240,APPL,https://planner.langaracs.ca/courses/APPL/5240
APPL 5110,APPL,https://planner.langaracs.ca/courses/APPL/5110
APPL 5120,APPL,https://planner.langaracs.ca/courses/APPL/5120
APPL 5130,APPL,https://planner.langaracs.ca/courses/APPL/5130
APPL 5140,APPL,https://planner.langaracs.ca/courses/APPL/5140
APPL 5220,APPL,https://planner.langaracs.ca/courses/APPL/5220
APPL 5210,APPL,https://planner.langaracs.ca/courses/APPL/5210
APPL 5230,APPL,https://planner.langaracs.ca/courses/APPL/5230
ECED 2419,ECED,https://planner.langaracs.ca/courses/ECED/2419
ECED 2415,ECED,https://planner.langaracs.ca/courses/ECED/2415
ECED 2417,ECED,https://planner.langaracs.ca/courses/ECED/2417
ECED 2418,ECED,https://planner.langaracs.ca/courses/ECED/2418
PSYC 2318,PSYC,https://planner.langaracs.ca/courses/PSYC/2318
GEOG 2280,GEOG,https://planner.langaracs.ca/courses/GEOG/2280
GEOG 1180,GEOG,https://planner.langaracs.ca/courses/GEOG/1180
POLI 2260,POLI,https://planner.langaracs.ca/courses/POLI/2260
PHIL 2226,PHIL,https://planner.langaracs.ca/courses/PHIL/2226
POLI 1160,POLI,https://planner.langaracs.ca/courses/POLI/1160
BIOL 2450,BIOL,https://planner.langaracs.ca/courses/BIOL/2450
BIOL 1115,BIOL,https://planner.langaracs.ca/courses/BIOL/1115
BIOL 1215,BIOL,https://planner.langaracs.ca/courses/BIOL/1215
BIOL 2440,BIOL,https://planner.langaracs.ca/courses/BIOL/2440
PHOT 1110,PHOT,https://planner.langaracs.ca/courses/PHOT/1110
MATH 4801,MATH,https://planner.langaracs.ca/courses/MATH/4801
Data Analytics Mathematics Assessment (DAMA),Exam,
BIOL 2415,BIOL,https://planner.langaracs.ca/courses/BIOL/2415
PHOT 1120,PHOT,https://planner.langaracs.ca/courses/PHOT/1120
PHOT 1205,PHOT,https://planner.langaracs.ca/courses/PHOT/1205
PHOT 1210,PHOT,https://planner.langaracs.ca/courses/PHOT/1210
PHOT 1225,PHOT,https://planner.langaracs.ca/courses/PHOT/1225
FINA 2272,FINA,https://planner.langaracs.ca/courses/FINA/2272
FINA 2172,FINA,https://planner.langaracs.ca/courses/FINA/2172
DSGN 1256,DSGN,https://planner.langaracs.ca/courses/DSGN/1256
DSGN 1156,DSGN,https://planner.langaracs.ca/courses/DSGN/1156
FMGT 4828,FMGT,https://planner.langaracs.ca/courses/FMGT/4828
WMDD 4860,WMDD,https://planner.langaracs.ca/courses/WMDD/4860
FMGT 4810,FMGT,https://planner.langaracs.ca/courses/FMGT/4810
LIBR 2195,LIBR,https://planner.langaracs.ca/courses/LIBR/2195
LIBR 1120,LIBR,https://planner.langaracs.ca/courses/LIBR/1120
LIBR 2328,LIBR,https://planner.langaracs.ca/courses/LIBR/2328
NURS 5275,NURS,https://planner.langaracs.ca/courses/NURS/5275
NURS 5100,NURS,https://planner.langaracs.ca/courses/NURS/5100
NURS 5125,NURS,https://planner.langaracs.ca/courses/NURS/5125
NURS 5145,NURS,https://planner.langaracs.ca/courses/NURS/5145
NURS 5185,NURS,https://planner.langaracs.ca/courses/NURS/5185
POLI 2229,POLI,https://planner.langaracs.ca/courses/POLI/2229
POLI 1100,POLI,https://planner.langaracs.ca/courses/POLI/1100
POLI 2250,POLI,https://planner.langaracs.ca/courses/POLI/2250
FREN 1219,FREN,https://planner.langaracs.ca/courses/FREN/1219
FREN 1119,FREN,https://planner.langaracs.ca/courses/FREN/1119
CPSC 2810,CPSC,https://planner.langaracs.ca/courses/CPSC/2810
CPSC 1160,CPSC,https://planner.langaracs.ca/courses/CPSC/1160
CPSC 1181,CPSC,https://planner.langaracs.ca/courses/CPSC/1181
FMGT 4540,FMGT,https://planner.langaracs.ca/courses/FMGT/4540
FMGT 4225,FMGT,https://planner.langaracs.ca/courses/FMGT/4225
FMGT 4875,FMGT,https://planner.langaracs.ca/courses/FMGT/4875
FMGT 4510,FMGT,https://planner.langaracs.ca/courses/FMGT/4510
ECED 1219,ECED,https://planner.langaracs.ca/courses/ECED/1219
ECED 1119,ECED,https://planner.langaracs.ca/courses/ECED/1119
DSGN 1250,DSGN,https://planner.langaracs.ca/courses/DSGN/1250
STAT 4810,STAT,https://planner.langaracs.ca/courses/STAT/4810
STAT 4800,STAT,https://planner.langaracs.ca/courses/STAT/4800
FINA 1220,FINA,https://planner.langaracs.ca/courses/FINA/1220
GEOL 2207,GEOL,https://planner.langaracs.ca/courses/GEOL/2207
GEOG 1190,GEOG,https://planner.langaracs.ca/courses/GEOG/1190
GEOL 1107,GEOL,https://planner.langaracs.ca/courses/GEOL/1107
GEOL 1110,GEOL,https://planner.langaracs.ca/courses/GEOL/1110
GEOG 2290,GEOG,https://planner.langaracs.ca/courses/GEOG/2290
WMDD 4800,WMDD,https://planner.langaracs.ca/courses/WMDD/4800
WMDD 4815,WMDD,https://planner.langaracs.ca/courses/WMDD/4815
WMDD 4820,WMDD,https://planner.langaracs.ca/courses/WMDD/4820
WMDD 4825,WMDD,https://planner.langaracs.ca/courses/WMDD/4825
FMGT 4818,FMGT,https://planner.langaracs.ca/courses/FMGT/4818
PSYC 3210,PSYC,https://planner.langaracs.ca/courses/PSYC/3210
ECED 1218,ECED,https://planner.langaracs.ca/courses/ECED/1218
ECED 1118,ECED,https://planner.langaracs.ca/courses/ECED/1118
FMGT 4560,FMGT,https://planner.langaracs.ca/courses/FMGT/4560
FMGT 3121,FMGT,https://planner.langaracs.ca/courses/FMGT/3121
FMGT 4550,FMGT,https://planner.langaracs.ca/courses/FMGT/4550
RECR 1002,RECR,https://planner.langaracs.ca/courses/RECR/1002
RECR 1000,RECR,https://planner.langaracs.ca/courses/RECR/1000
RECR 1001,RECR,https://planner.langaracs.ca/courses/RECR/1001
FREN 1115,FREN,https://planner.langaracs.ca/courses/FREN/1115
ENVS 2410,ENVS,https://planner.langaracs.ca/courses/ENVS/2410
ENGL 1123,ENGL,https://planner.langaracs.ca/courses/ENGL/1123
ENGL 1127,ENGL,https://planner.langaracs.ca/courses/ENGL/1127
ENGL 1128,ENGL,https://planner.langaracs.ca/courses/ENGL/1128
FMGT 4860,FMGT,https://planner.langaracs.ca/courses/FMGT/4860
MATH 4800,MATH,https://planner.langaracs.ca/courses/MATH/4800
POLI 2209,POLI,https://planner.langaracs.ca/courses/POLI/2209
POLI 2219,POLI,https://planner.langaracs.ca/courses/POLI/2219
DSGN 1155,DSGN,https://planner.langaracs.ca/courses/DSGN/1155
CHIN 2213,CHIN,https://planner.langaracs.ca/courses/CHIN/2213
CHIN 2211,CHIN,https://planner.langaracs.ca/courses/CHIN/2211
JOUR 2420,JOUR,https://planner.langaracs.ca/courses/JOUR/2420
JOUR 1122,JOUR,https://planner.langaracs.ca/courses/JOUR/1122
JOUR 1128,JOUR,https://planner.langaracs.ca/courses/JOUR/1128
JOUR 1224,JOUR,https://planner.langaracs.ca/courses/JOUR/1224
JOUR 1244,JOUR,https://planner.langaracs.ca/courses/JOUR/1244
THEA 2360,THEA,https://planner.langaracs.ca/courses/THEA/2360
THEA 2260,THEA,https://planner.langaracs.ca/courses/THEA/2260
STAT 3225,STAT,https://planner.langaracs.ca/courses/STAT/3225
STAT 1181,STAT,https://planner.langaracs.ca/courses/STAT/1181
STAT 2281,STAT,https://planner.langaracs.ca/courses/STAT/2281
JOUR 1240,JOUR,https://planner.langaracs.ca/courses/JOUR/1240
JOUR 1142,JOUR,https://planner.langaracs.ca/courses/JOUR/1142
FMGT 2485,FMGT,https://planner.langaracs.ca/courses/FMGT/2485
FMGT 1215,FMGT,https://planner.langaracs.ca/courses/FMGT/1215
JAPN 1117,JAPN,https://planner.langaracs.ca/courses/JAPN/1117
JAPN 1215,JAPN,https://planner.langaracs.ca/courses/JAPN/1215
KINS 1132,KINS,https://planner.langaracs.ca/courses/KINS/1132
WMST 2274,WMST,https://planner.langaracs.ca/courses/WMST/2274
WMST 1116,WMST,https://planner.langaracs.ca/courses/WMST/1116
WMST 1216,WMST,https://planner.langaracs.ca/courses/WMST/1216
WMST 2272,WMST,https://planner.langaracs.ca/courses/WMST/2272
NURS 4109,NURS,https://planner.langaracs.ca/courses/NURS/4109
NURS 3309,NURS,https://planner.langaracs.ca/courses/NURS/3309
NURS 3362,NURS,https://planner.langaracs.ca/courses/NURS/3362
NURS 3363,NURS,https://planner.langaracs.ca/courses/NURS/3363
FINA 2111,FINA,https://planner.langaracs.ca/courses/FINA/2111
FINA 1171,FINA,https://planner.langaracs.ca/courses/FINA/1171
EDAS 1210,EDAS,https://planner.langaracs.ca/courses/EDAS/1210
EDAS 1110,EDAS,https://planner.langaracs.ca/courses/EDAS/1110
NURS 5280,NURS,https://planner.langaracs.ca/courses/NURS/5280
NURS 5120,NURS,https://planner.langaracs.ca/courses/NURS/5120
THEA 2160,THEA,https://planner.langaracs.ca/courses/THEA/2160
BIOL 2470,BIOL,https://planner.langaracs.ca/courses/BIOL/2470
BIOL 2370,BIOL,https://planner.langaracs.ca/courses/BIOL/2370
INTB 4810,INTB,https://planner.langaracs.ca/courses/INTB/4810
JOUR 2456,JOUR,https://planner.langaracs.ca/courses/JOUR/2456
CPSC 1490,CPSC,https://planner.langaracs.ca/courses/CPSC/1490
ECED 1319,ECED,https://planner.langaracs.ca/courses/ECED/1319
FLMA 1282,FLMA,https://planner.langaracs.ca/courses/FLMA/1282
FLMA 1182,FLMA,https://planner.langaracs.ca/courses/FLMA/1182
PHOT 1151,PHOT,https://planner.langaracs.ca/courses/PHOT/1151
PSYC 2333,PSYC,https://planner.langaracs.ca/courses/PSYC/2333
PSYC 2413,PSYC,https://planner.langaracs.ca/courses/PSYC/2413
PSYC 2319,PSYC,https://planner.langaracs.ca/courses/PSYC/2319
PSYC 2341,PSYC,https://planner.langaracs.ca/courses/PSYC/2341
PSYC 2331,PSYC,https://planner.langaracs.ca/courses/PSYC/2331
PSYC 2329,PSYC,https://planner.langaracs.ca/courses/PSYC/2329
MARK 4810,MARK,https://planner.langaracs.ca/courses/MARK/4810
MARK 4800,MARK,https://planner.langaracs.ca/courses/MARK/4800
BIOL 2380,BIOL,https://planner.langaracs.ca/courses/BIOL/2380
BIOL 2340,BIOL,https://planner.langaracs.ca/courses/BIOL/2340
BIOL 2330,BIOL,https://planner.langaracs.ca/courses/BIOL/2330
FMGT 2423,FMGT,https://planner.langaracs.ca/courses/FMGT/2423
FMGT 2294,FMGT,https://planner.langaracs.ca/courses/FMGT/2294
WMDD 4915,WMDD,https://planner.langaracs.ca/courses/WMDD/4915
CPSC 1491,CPSC,https://planner.langaracs.ca/courses/CPSC/1491
PHOT 2475,PHOT,https://planner.langaracs.ca/courses/PHOT/2475
BIOL 2292,BIOL,https://planner.langaracs.ca/courses/BIOL/2292
BIOL 2192,BIOL,https://planner.langaracs.ca/courses/BIOL/2192
NURS 1263,NURS,https://planner.langaracs.ca/courses/NURS/1263
ECED 1329,ECED,https://planner.langaracs.ca/courses/ECED/1329
LIBR 2418,LIBR,https://planner.langaracs.ca/courses/LIBR/2418
SOCI 2270,SOCI,https://planner.langaracs.ca/courses/SOCI/2270
CPSC 4810,CPSC,https://planner.langaracs.ca/courses/CPSC/4810
CPSC 4800,CPSC,https://planner.langaracs.ca/courses/CPSC/4800
GEOL 2215,GEOL,https://planner.langaracs.ca/courses/GEOL/2215
GEOL 1115,GEOL,https://planner.langaracs.ca/courses/GEOL/1115
ENGL 2286,ENGL,https://planner.langaracs.ca/courses/ENGL/2286
ENGL 2226,ENGL,https://planner.langaracs.ca/courses/ENGL/2226
THEA 3460,THEA,https://planner.langaracs.ca/courses/THEA/3460
CPSC 4820,CPSC,https://planner.langaracs.ca/courses/CPSC/4820
DANA 4800,DANA,https://planner.langaracs.ca/courses/DANA/4800
MARK 4830,MARK,https://planner.langaracs.ca/courses/MARK/4830
MARK 4820,MARK,https://planner.langaracs.ca/courses/MARK/4820
INTB 4800,INTB,https://planner.langaracs.ca/courses/INTB/4800
POLI 2239,POLI,https://planner.langaracs.ca/courses/POLI/2239
FINA 2241,FINA,https://planner.langaracs.ca/courses/FINA/2241
FINA 2141,FINA,https://planner.langaracs.ca/courses/FINA/2141
FMGT 4530,FMGT,https://planner.langaracs.ca/courses/FMGT/4530
FMGT 3263,FMGT,https://planner.langaracs.ca/courses/FMGT/3263
WMDD 4921,WMDD,https://planner.langaracs.ca/courses/WMDD/4921
WMDD 4855,WMDD,https://planner.langaracs.ca/courses/WMDD/4855
BIOL 2480,BIOL,https://planner.langaracs.ca/courses/BIOL/2480
BIOL 2260,BIOL,https://planner.langaracs.ca/courses/BIOL/2260
ASTR 1101,ASTR,https://planner.langaracs.ca/courses/ASTR/1101
Physics 11,HS Course,
Mathematics 12,HS Course,
Precalculus 12,HS Course,
ASTR 1102,ASTR,https://planner.langaracs.ca/courses/ASTR/1102
MARK 4840,MARK,https://planner.langaracs.ca/courses/MARK/4840
THEA 1110,THEA,https://planner.langaracs.ca/courses/THEA/1110
THEA 1120,THEA,https://planner.langaracs.ca/courses/THEA/1120
THEA 1130,THEA,https://planner.langaracs.ca/courses/THEA/1130
THEA 1140,THEA,https://planner.langaracs.ca/courses/THEA/1140
JAPN 1210,JAPN,https://planner.langaracs.ca/courses/JAPN/1210
JAPN 1115,JAPN,https://planner.langaracs.ca/courses/JAPN/1115
JAPN 1217,JAPN,https://planner.langaracs.ca/courses/JAPN/1217
NUTR 2422,NUTR,https://planner.langaracs.ca/courses/NUTR/2422
NUTR 2322,NUTR,https://planner.langaracs.ca/courses/NUTR/2322
NURS 5285,NURS,https://planner.langaracs.ca/courses/NURS/5285
NURS 5265,NURS,https://planner.langaracs.ca/courses/NURS/5265
DSGN 1265,DSGN,https://planner.langaracs.ca/courses/DSGN/1265
DSGN 1154,DSGN,https://planner.langaracs.ca/courses/DSGN/1154
DSGN 1255,DSGN,https://planner.langaracs.ca/courses/DSGN/1255
CHEM 2222,CHEM,https://planner.langaracs.ca/courses/CHEM/2222
CHEM 1220,CHEM,https://planner.langaracs.ca/courses/CHEM/1220
CHEM 2216,CHEM,https://planner.langaracs.ca/courses/CHEM/2216
STAT 3222,STAT,https://planner.langaracs.ca/courses/STAT/3222
STAT 1124,STAT,https://planner.langaracs.ca/courses/STAT/1124
CPSC 3260,CPSC,https://planner.langaracs.ca/courses/CPSC/3260
MATH 1252,MATH,https://planner.langaracs.ca/courses/MATH/1252
CSIS 1310,CSIS,https://planner.langaracs.ca/courses/CSIS/1310
CSIS 1300,CSIS,https://planner.langaracs.ca/courses/CSIS/1300
ANTH 2260,ANTH,https://planner.langaracs.ca/courses/ANTH/2260
APPL 5330,APPL,https://planner.langaracs.ca/courses/APPL/5330
APPL 5340,APPL,https://planner.langaracs.ca/courses/APPL/5340
WMDD 4936,WMDD,https://planner.langaracs.ca/courses/WMDD/4936
WMDD 4835,WMDD,https://planner.langaracs.ca/courses/WMDD/4835
WMDD 4840,WMDD,https://planner.langaracs.ca/courses/WMDD/4840
NURS 3265,NURS,https://planner.langaracs.ca/courses/NURS/3265
NURS 2221,NURS,https://planner.langaracs.ca/courses/NURS/2221
NURS 3130,NURS,https://planner.langaracs.ca/courses/NURS/3130
NURS 3160,NURS,https://planner.langaracs.ca/courses/NURS/3160
NURS 4122,NURS,https://planner.langaracs.ca/courses/NURS/4122
NURS 3162,NURS,https://planner.langaracs.ca/courses/NURS/3162
NURS 3264,NURS,https://planner.langaracs.ca/courses/NURS/3264
NURS 3209,NURS,https://planner.langaracs.ca/courses/NURS/3209
NURS 3261,NURS,https://planner.langaracs.ca/courses/NURS/3261
NURS 3262,NURS,https://planner.langaracs.ca/courses/NURS/3262
BIOL 3192,BIOL,https://planner.langaracs.ca/courses/BIOL/3192
NURS 2209,NURS,https://planner.langaracs.ca/courses/NURS/2209
NURS 2260,NURS,https://planner.langaracs.ca/courses/NURS/2260
NURS 2261,NURS,https://planner.langaracs.ca/courses/NURS/2261
NURS 2263,NURS,https://planner.langaracs.ca/courses/NURS/2263
RECR 2388,RECR,https://planner.langaracs.ca/courses/RECR/2388
RECR 2288,RECR,https://planner.langaracs.ca/courses/RECR/2288
CPSC 2221,CPSC,https://planner.langaracs.ca/courses/CPSC/2221
CHEM 2416,CHEM,https://planner.langaracs.ca/courses/CHEM/2416
CHEM 2316,CHEM,https://planner.langaracs.ca/courses/CHEM/2316
JOUR 1179,JOUR,https://planner.langaracs.ca/courses/JOUR/1179
JOUR 1168,JOUR,https://planner.langaracs.ca/courses/JOUR/1168
CMNS 2228,CMNS,https://planner.langaracs.ca/courses/CMNS/2228
CMNS 1118,CMNS,https://planner.langaracs.ca/courses/CMNS/1118
ENGL 1140,ENGL,https://planner.langaracs.ca/courses/ENGL/1140
NURS 2109,NURS,https://planner.langaracs.ca/courses/NURS/2109
NURS 2160,NURS,https://planner.langaracs.ca/courses/NURS/2160
NURS 2161,NURS,https://planner.langaracs.ca/courses/NURS/2161
NURS 2163,NURS,https://planner.langaracs.ca/courses/NURS/2163
ABST 2100,ABST,https://planner.langaracs.ca/courses/ABST/2100
ABST 1100,ABST,https://planner.langaracs.ca/courses/ABST/1100
ABST 1102,ABST,https://planner.langaracs.ca/courses/ABST/1102
ABST 1104,ABST,https://planner.langaracs.ca/courses/ABST/1104
ABST 1115,ABST,https://planner.langaracs.ca/courses/ABST/1115
ABST 1116,ABST,https://planner.langaracs.ca/courses/ABST/1116
ABST 2101,ABST,https://planner.langaracs.ca/courses/ABST/2101
ANTH 2231,ANTH,https://planner.langaracs.ca/courses/ANTH/2231
ANTH 1131,ANTH,https://planner.langaracs.ca/courses/ANTH/1131
BIOL 1116,BIOL,https://planner.langaracs.ca/courses/BIOL/1116
NURS 3161,NURS,https://planner.langaracs.ca/courses/NURS/3161
PHIL 1105,PHIL,https://planner.langaracs.ca/courses/PHIL/1105
NURS 3364,NURS,https://planner.langaracs.ca/courses/NURS/3364
NURS 4100,NURS,https://planner.langaracs.ca/courses/NURS/4100
NURS 3367,NURS,https://planner.langaracs.ca/courses/NURS/3367
NURS 3165,NURS,https://planner.langaracs.ca/courses/NURS/3165
MATH 1271,MATH,https://planner.langaracs.ca/courses/MATH/1271
MATH 1273,MATH,https://planner.langaracs.ca/courses/MATH/1273
MATH 1274,MATH,https://planner.langaracs.ca/courses/MATH/1274
FSRV 2429,FSRV,https://planner.langaracs.ca/courses/FSRV/2429
FSRV 1219,FSRV,https://planner.langaracs.ca/courses/FSRV/1219
CHEM 2100,CHEM,https://planner.langaracs.ca/courses/CHEM/2100
PHOT 1200,PHOT,https://planner.langaracs.ca/courses/PHOT/1200
CHEM 2208,CHEM,https://planner.langaracs.ca/courses/CHEM/2208
CHEM 1120,CHEM,https://planner.langaracs.ca/courses/CHEM/1120
GERO 2110,GERO,https://planner.langaracs.ca/courses/GERO/2110
GERO 1115,GERO,https://planner.langaracs.ca/courses/GERO/1115
BUSM 4855,BUSM,https://planner.langaracs.ca/courses/BUSM/4855
FMGT 4865,FMGT,https://planner.langaracs.ca/courses/FMGT/4865
PHOT 2320,PHOT,https://planner.langaracs.ca/courses/PHOT/2320
CMNS 1115,CMNS,https://planner.langaracs.ca/courses/CMNS/1115
CMNS 1122,CMNS,https://planner.langaracs.ca/courses/CMNS/1122
ANTH 2250,ANTH,https://planner.langaracs.ca/courses/ANTH/2250
RELS 1110,RELS,https://planner.langaracs.ca/courses/RELS/1110
NURS 1209,NURS,https://planner.langaracs.ca/courses/NURS/1209
NURS 1260,NURS,https://planner.langaracs.ca/courses/NURS/1260
NURS 1261,NURS,https://planner.langaracs.ca/courses/NURS/1261
SPAN 2119,SPAN,https://planner.langaracs.ca/courses/SPAN/2119
Spanish 12,HS Course,
SPAN 1215,SPAN,https://planner.langaracs.ca/courses/SPAN/1215
SPAN 1218,SPAN,https://planner.langaracs.ca/courses/SPAN/1218
ECON 2298,ECON,https://planner.langaracs.ca/courses/ECON/2298
MATH 1153,MATH,https://planner.langaracs.ca/courses/MATH/1153
CPSC 2211,CPSC,https://planner.langaracs.ca/courses/CPSC/2211
STAT 1182,STAT,https://planner.langaracs.ca/courses/STAT/1182
CSIS 2302,CSIS,https://planner.langaracs.ca/courses/CSIS/2302
MATH 2310,MATH,https://planner.langaracs.ca/courses/MATH/2310
STAT 2225,STAT,https://planner.langaracs.ca/courses/STAT/2225
STAT 1127,STAT,https://planner.langaracs.ca/courses/STAT/1127
BCAP 4820,BCAP,https://planner.langaracs.ca/courses/BCAP/4820
FMGT 4221,FMGT,https://planner.langaracs.ca/courses/FMGT/4221
FMGT 1321,FMGT,https://planner.langaracs.ca/courses/FMGT/1321
FMGT 2421,FMGT,https://planner.langaracs.ca/courses/FMGT/2421
PHYS 1124,PHYS,https://planner.langaracs.ca/courses/PHYS/1124
Physics 12,HS Course,
PHYS 1118,PHYS,https://planner.langaracs.ca/courses/PHYS/1118
Physics Diagnostic Test,Exam,
CPSC 2180,CPSC,https://planner.langaracs.ca/courses/CPSC/2180
SCIE 1113,SCIE,https://planner.langaracs.ca/courses/SCIE/1113
English First Peoples 12,HS Course,
English Studies 12,HS Course,
Literary Studies 12,HS Course,
IELTS,Exam,
LET,Exam,
BCAP 3100,BCAP,https://planner.langaracs.ca/courses/BCAP/3100
BCAP 1200,BCAP,https://planner.langaracs.ca/courses/BCAP/1200
NUTR 2112,NUTR,https://planner.langaracs.ca/courses/NUTR/2112
NUTR 2212,NUTR,https://planner.langaracs.ca/courses/NUTR/2212
BIOL 1111,BIOL,https://planner.langaracs.ca/courses/BIOL/1111
BIOL 1175,BIOL,https://planner.langaracs.ca/courses/BIOL/1175
BIOL 1190,BIOL,https://planner.langaracs.ca/courses/BIOL/1190
BIOL 1216,BIOL,https://planner.langaracs.ca/courses/BIOL/1216
BUSM 1500,BUSM,https://planner.langaracs.ca/courses/BUSM/1500
STAT 3223,STAT,https://planner.langaracs.ca/courses/STAT/3223
STAT 1100,STAT,https://planner.langaracs.ca/courses/STAT/1100
MATH 1152,MATH,https://planner.langaracs.ca/courses/MATH/1152
MDT,Exam,
MATH 1183,MATH,https://planner.langaracs.ca/courses/MATH/1183
CPSC 1050,CPSC,https://planner.langaracs.ca/courses/CPSC/1050
RECR 4400,RECR,https://planner.langaracs.ca/courses/RECR/4400
RECR 1160,RECR,https://planner.langaracs.ca/courses/RECR/1160
RECR 3160,RECR,https://planner.langaracs.ca/courses/RECR/3160
ENGL 2238,ENGL,https://planner.langaracs.ca/courses/ENGL/2238
ENGL 1100,ENGL,https://planner.langaracs.ca/courses/ENGL/1100
ENGL 1125,ENGL,https://planner.langaracs.ca/courses/ENGL/1125
ENGL 1129,ENGL,https://planner.langaracs.ca/courses/ENGL/1129
ENGL 1130,ENGL,https://planner.langaracs.ca/courses/ENGL/1130
ENGL 1181,ENGL,https://planner.langaracs.ca/courses/ENGL/1181
ENGL 1191,ENGL,https://planner.langaracs.ca/courses/ENGL/1191
ENGL 2234,ENGL,https://planner.langaracs.ca/courses/ENGL/2234
ENGL 2231,ENGL,https://planner.langaracs.ca/courses/ENGL/2231
ENGL 2256,ENGL,https://planner.langaracs.ca/courses/ENGL/2256
ENGL 2330,ENGL,https://planner.langaracs.ca/courses/ENGL/2330
ENGL 2246,ENGL,https://planner.langaracs.ca/courses/ENGL/2246
ENGL 2235,ENGL,https://planner.langaracs.ca/courses/ENGL/2235
ENGL 2276,ENGL,https://planner.langaracs.ca/courses/ENGL/2276
ENGL 2239,ENGL,https://planner.langaracs.ca/courses/ENGL/2239
ENGL 2230,ENGL,https://planner.langaracs.ca/courses/ENGL/2230
ENGL 2100,ENGL,https://planner.langaracs.ca/courses/ENGL/2100
ENGL 2224,ENGL,https://planner.langaracs.ca/courses/ENGL/2224
ENGL 2223,ENGL,https://planner.langaracs.ca/courses/ENGL/2223
ENGL 2266,ENGL,https://planner.langaracs.ca/courses/ENGL/2266
ENGL 2630,ENGL,https://planner.langaracs.ca/courses/ENGL/2630
ENGL 2236,ENGL,https://planner.langaracs.ca/courses/ENGL/2236
ENGL 2222,ENGL,https://planner.langaracs.ca/courses/ENGL/2222
ENGL 2233,ENGL,https://planner.langaracs.ca/courses/ENGL/2233
ENGL 2258,ENGL,https://planner.langaracs.ca/courses/ENGL/2258
ENGL 2237,ENGL,https://planner.langaracs.ca/courses/ENGL/2237
ENGL 2530,ENGL,https://planner.langaracs.ca/courses/ENGL/2530
ENGL 2225,ENGL,https://planner.langaracs.ca/courses/ENGL/2225
ENGL 2430,ENGL,https://planner.langaracs.ca/courses/ENGL/2430
CHEM 1121,CHEM,https://planner.langaracs.ca/courses/CHEM/1121
CHEM 1118,CHEM,https://planner.langaracs.ca/courses/CHEM/1118
Chemistry 12,HS Course,
MATH 2485,MATH,https://planner.langaracs.ca/courses/MATH/2485
MATH 2362,MATH,https://planner.langaracs.ca/courses/MATH/2362
STAT 1224,STAT,https://planner.langaracs.ca/courses/STAT/1224
STAT 1126,STAT,https://planner.langaracs.ca/courses/STAT/1126
DASH 2199,DASH,https://planner.langaracs.ca/courses/DASH/2199
SCIE 1114,SCIE,https://planner.langaracs.ca/courses/SCIE/1114
FMGT 2500,FMGT,https://planner.langaracs.ca/courses/FMGT/2500
FMGT 2116,FMGT,https://planner.langaracs.ca/courses/FMGT/2116
FMGT 2325,FMGT,https://planner.langaracs.ca/courses/FMGT/2325
FINA 2180,FINA,https://planner.langaracs.ca/courses/FINA/2180
AHIS 2250,AHIS,https://planner.langaracs.ca/courses/AHIS/2250
FINA 2110,FINA,https://planner.langaracs.ca/courses/FINA/2110
FINA 2120,FINA,https://planner.langaracs.ca/courses/FINA/2120
FINA 2130,FINA,https://planner.langaracs.ca/courses/FINA/2130
FINA 2150,FINA,https://planner.langaracs.ca/courses/FINA/2150
FINA 2161,FINA,https://planner.langaracs.ca/courses/FINA/2161
FINA 2173,FINA,https://planner.langaracs.ca/courses/FINA/2173
FINA 2190,FINA,https://planner.langaracs.ca/courses/FINA/2190
FINA 2195,FINA,https://planner.langaracs.ca/courses/FINA/2195
French 12,HS Course,
FREN 1217,FREN,https://planner.langaracs.ca/courses/FREN/1217
FREN 1218,FREN,https://planner.langaracs.ca/courses/FREN/1218
CPSC 2401,CPSC,https://planner.langaracs.ca/courses/CPSC/2401
CPSC 1401,CPSC,https://planner.langaracs.ca/courses/CPSC/1401
BCAP 3200,BCAP,https://planner.langaracs.ca/courses/BCAP/3200
CMNS 4810,CMNS,https://planner.langaracs.ca/courses/CMNS/4810
ENGL 1120,ENGL,https://planner.langaracs.ca/courses/ENGL/1120
ENGL 1110,ENGL,https://planner.langaracs.ca/courses/ENGL/1110
BIOL 2350,BIOL,https://planner.langaracs.ca/courses/BIOL/2350
ENVS 2100,ENVS,https://planner.langaracs.ca/courses/ENVS/2100
PHYS 1101,PHYS,https://planner.langaracs.ca/courses/PHYS/1101
SOCI 2233,SOCI,https://planner.langaracs.ca/courses/SOCI/2233
SOCI 1122,SOCI,https://planner.langaracs.ca/courses/SOCI/1122
SOCI 1125,SOCI,https://planner.langaracs.ca/courses/SOCI/1125
SOCI 1130,SOCI,https://planner.langaracs.ca/courses/SOCI/1130
DSGN 2252,DSGN,https://planner.langaracs.ca/courses/DSGN/2252
DSGN 2154,DSGN,https://planner.langaracs.ca/courses/DSGN/2154
DSGN 2253,DSGN,https://planner.langaracs.ca/courses/DSGN/2253
DSGN 1151,DSGN,https://planner.langaracs.ca/courses/DSGN/1151
DSGN 1152,DSGN,https://planner.langaracs.ca/courses/DSGN/1152
DSGN 1252,DSGN,https://planner.langaracs.ca/courses/DSGN/1252
DSGN 2152,DSGN,https://planner.langaracs.ca/courses/DSGN/2152
FINA 1143,FINA,https://planner.langaracs.ca/courses/FINA/1143
CHEM 3216,CHEM,https://planner.langaracs.ca/courses/CHEM/3216
POLI 2270,POLI,https://planner.langaracs.ca/courses/POLI/2270
EXPE 4814,EXPE,https://planner.langaracs.ca/courses/EXPE/4814
EXPE 4803,EXPE,https://planner.langaracs.ca/courses/EXPE/4803
PHOT 2440,PHOT,https://planner.langaracs.ca/courses/PHOT/2440
NURS 5110,NURS,https://planner.langaracs.ca/courses/NURS/5110
NURS 5115,NURS,https://planner.langaracs.ca/courses/NURS/5115
NURS 5130,NURS,https://planner.langaracs.ca/courses/NURS/5130
NURS 5135,NURS,https://planner.langaracs.ca/courses/NURS/5135
CPSC 2130,CPSC,https://planner.langaracs.ca/courses/CPSC/2130
FREN 1205,FREN,https://planner.langaracs.ca/courses/FREN/1205
BC French 9,HS Course,
BC French 10,HS Course,
BUSM 5000,BUSM,https://planner.langaracs.ca/courses/BUSM/5000
COOP 2300,COOP,https://planner.langaracs.ca/courses/COOP/2300
BUSM 4850,BUSM,https://planner.langaracs.ca/courses/BUSM/4850
ECED 1101,ECED,https://planner.langaracs.ca/courses/ECED/1101
ECED 1112,ECED,https://planner.langaracs.ca/courses/ECED/1112
ECED 1115,ECED,https://planner.langaracs.ca/courses/ECED/1115
ECED 1116,ECED,https://planner.langaracs.ca/courses/ECED/1116
ANTH 2233,ANTH,https://planner.langaracs.ca/courses/ANTH/2233
ANTH 1132,ANTH,https://planner.langaracs.ca/courses/ANTH/1132
RELS 2210,RELS,https://planner.langaracs.ca/courses/RELS/2210
RELS 1120,RELS,https://planner.langaracs.ca/courses/RELS/1120
RELS 1210,RELS,https://planner.langaracs.ca/courses/RELS/1210
RELS 1215,RELS,https://planner.langaracs.ca/courses/RELS/1215
RELS 1220,RELS,https://planner.langaracs.ca/courses/RELS/1220
RELS 1230,RELS,https://planner.langaracs.ca/courses/RELS/1230
BUSM 4120,BUSM,https://planner.langaracs.ca/courses/BUSM/4120
JOUR 1288,JOUR,https://planner.langaracs.ca/courses/JOUR/1288
JOUR 2178,JOUR,https://planner.langaracs.ca/courses/JOUR/2178
JOUR 2398,JOUR,https://planner.langaracs.ca/courses/JOUR/2398
MATH 2382,MATH,https://planner.langaracs.ca/courses/MATH/2382
PHYS 1219,PHYS,https://planner.langaracs.ca/courses/PHYS/1219
PHYS 1115,PHYS,https://planner.langaracs.ca/courses/PHYS/1115
PHYS 1125,PHYS,https://planner.langaracs.ca/courses/PHYS/1125
GERO 2415,GERO,https://planner.langaracs.ca/courses/GERO/2415
HSCI 2295,HSCI,https://planner.langaracs.ca/courses/HSCI/2295
HSCI 1195,HSCI,https://planner.langaracs.ca/courses/HSCI/1195
BUSM 3392,BUSM,https://planner.langaracs.ca/courses/BUSM/3392
LATN 1117,LATN,https://planner.langaracs.ca/courses/LATN/1117
LATN 1115,LATN,https://planner.langaracs.ca/courses/LATN/1115
BIOL 1191,BIOL,https://planner.langaracs.ca/courses/BIOL/1191
DSGN 2351,DSGN,https://planner.langaracs.ca/courses/DSGN/2351
DANA 4820,DANA,https://planner.langaracs.ca/courses/DANA/4820
FMGT 4520,FMGT,https://planner.langaracs.ca/courses/FMGT/4520
FMGT 3223,FMGT,https://planner.langaracs.ca/courses/FMGT/3223
FINA 2230,FINA,https://planner.langaracs.ca/courses/FINA/2230
WMST 2270,WMST,https://planner.langaracs.ca/courses/WMST/2270
SPAN 1115,SPAN,https://planner.langaracs.ca/courses/SPAN/1115
NURS 1104,NURS,https://planner.langaracs.ca/courses/NURS/1104
GERO 2100,GERO,https://planner.langaracs.ca/courses/GERO/2100
GERO 2215,GERO,https://planner.langaracs.ca/courses/GERO/2215
COOP 4303,COOP,https://planner.langaracs.ca/courses/COOP/4303
COOP 3302,COOP,https://planner.langaracs.ca/courses/COOP/3302
COOP 3303,COOP,https://planner.langaracs.ca/courses/COOP/3303
JOUR 1225,JOUR,https://planner.langaracs.ca/courses/JOUR/1225
JOUR 1220,JOUR,https://planner.langaracs.ca/courses/JOUR/1220
JOUR 1200,JOUR,https://planner.langaracs.ca/courses/JOUR/1200
JOUR 2410,JOUR,https://planner.langaracs.ca/courses/JOUR/2410
JOUR 1290,JOUR,https://planner.langaracs.ca/courses/JOUR/1290
JOUR 2458,JOUR,https://planner.langaracs.ca/courses/JOUR/2458
JOUR 1230,JOUR,https://planner.langaracs.ca/courses/JOUR/1230
KINS 3303,KINS,https://planner.langaracs.ca/courses/KINS/3303
KINS 1103,KINS,https://planner.langaracs.ca/courses/KINS/1103
KINS 1120,KINS,https://planner.langaracs.ca/courses/KINS/1120
GEOG 2275,GEOG,https://planner.langaracs.ca/courses/GEOG/2275
GEOG 1110,GEOG,https://planner.langaracs.ca/courses/GEOG/1110
GEOG 1120,GEOG,https://planner.langaracs.ca/courses/GEOG/1120
GEOG 1130,GEOG,https://planner.langaracs.ca/courses/GEOG/1130
GEOG 1150,GEOG,https://planner.langaracs.ca/courses/GEOG/1150
GEOG 1155,GEOG,https://planner.langaracs.ca/courses/GEOG/1155
GEOG 1160,GEOG,https://planner.langaracs.ca/courses/GEOG/1160
GEOG 1170,GEOG,https://planner.langaracs.ca/courses/GEOG/1170
GEOG 2155,GEOG,https://planner.langaracs.ca/courses/GEOG/2155
FINA 2290,FINA,https://planner.langaracs.ca/courses/FINA/2290
AHIS 1112,AHIS,https://planner.langaracs.ca/courses/AHIS/1112
AHIS 1114,AHIS,https://planner.langaracs.ca/courses/AHIS/1114
AHIS 1212,AHIS,https://planner.langaracs.ca/courses/AHIS/1212
AHIS 1214,AHIS,https://planner.langaracs.ca/courses/AHIS/1214
AHIS 1301,AHIS,https://planner.langaracs.ca/courses/AHIS/1301
AHIS 1302,AHIS,https://planner.langaracs.ca/courses/AHIS/1302
MATH 2373,MATH,https://planner.langaracs.ca/courses/MATH/2373
NURS 1109,NURS,https://planner.langaracs.ca/courses/NURS/1109
NURS 1121,NURS,https://planner.langaracs.ca/courses/NURS/1121
NURS 1130,NURS,https://planner.langaracs.ca/courses/NURS/1130
NURS 1160,NURS,https://planner.langaracs.ca/courses/NURS/1160
NURS 1163,NURS,https://planner.langaracs.ca/courses/NURS/1163
BUSM 3400,BUSM,https://planner.langaracs.ca/courses/BUSM/3400
PHYS 2424,PHYS,https://planner.langaracs.ca/courses/PHYS/2424
PHYS 1225,PHYS,https://planner.langaracs.ca/courses/PHYS/1225
CPSC 2480,CPSC,https://planner.langaracs.ca/courses/CPSC/2480
KINS 1160,KINS,https://planner.langaracs.ca/courses/KINS/1160
KINS 2262,KINS,https://planner.langaracs.ca/courses/KINS/2262
KINS 1150,KINS,https://planner.langaracs.ca/courses/KINS/1150
FINA 2220,FINA,https://planner.langaracs.ca/courses/FINA/2220
FMGT 4816,FMGT,https://planner.langaracs.ca/courses/FMGT/4816
BINF 4100,BINF,https://planner.langaracs.ca/courses/BINF/4100
FREN 1118,FREN,https://planner.langaracs.ca/courses/FREN/1118
ENGL 1106,ENGL,https://planner.langaracs.ca/courses/ENGL/1106
MARK 1200,MARK,https://planner.langaracs.ca/courses/MARK/1200
MARK 2500,MARK,https://planner.langaracs.ca/courses/MARK/2500
LATN 2225,LATN,https://planner.langaracs.ca/courses/LATN/2225
JOUR 2470,JOUR,https://planner.langaracs.ca/courses/JOUR/2470
JOUR 2278,JOUR,https://planner.langaracs.ca/courses/JOUR/2278
DSGN 2451,DSGN,https://planner.langaracs.ca/courses/DSGN/2451
DSGN 2251,DSGN,https://planner.langaracs.ca/courses/DSGN/2251
DSGN 2353,DSGN,https://planner.langaracs.ca/courses/DSGN/2353
JOUR 2430,JOUR,https://planner.langaracs.ca/courses/JOUR/2430
JOUR 1177,JOUR,https://planner.langaracs.ca/courses/JOUR/1177
ECED 1308,ECED,https://planner.langaracs.ca/courses/ECED/1308
ECED 1212,ECED,https://planner.langaracs.ca/courses/ECED/1212
FLMA 1222,FLMA,https://planner.langaracs.ca/courses/FLMA/1222
FLMA 1110,FLMA,https://planner.langaracs.ca/courses/FLMA/1110
FLMA 1210,FLMA,https://planner.langaracs.ca/courses/FLMA/1210
WMDD 4985,WMDD,https://planner.langaracs.ca/courses/WMDD/4985
GREK 1115,GREK,https://planner.langaracs.ca/courses/GREK/1115
PSYC 2323,PSYC,https://planner.langaracs.ca/courses/PSYC/2323
PSYC 2327,PSYC,https://planner.langaracs.ca/courses/PSYC/2327
PSYC 2322,PSYC,https://planner.langaracs.ca/courses/PSYC/2322
PSYC 2426,PSYC,https://planner.langaracs.ca/courses/PSYC/2426
LATN 2227,LATN,https://planner.langaracs.ca/courses/LATN/2227
THEA 3560,THEA,https://planner.langaracs.ca/courses/THEA/3560
THEA 2460,THEA,https://planner.langaracs.ca/courses/THEA/2460
DSGN 2256,DSGN,https://planner.langaracs.ca/courses/DSGN/2256
FLMA 1261,FLMA,https://planner.langaracs.ca/courses/FLMA/1261
FLMA 1160,FLMA,https://planner.langaracs.ca/courses/FLMA/1160
FLMA 1262,FLMA,https://planner.langaracs.ca/courses/FLMA/1262
WMDD 4970,WMDD,https://planner.langaracs.ca/courses/WMDD/4970
FINA 2261,FINA,https://planner.langaracs.ca/courses/FINA/2261
WMDD 4950,WMDD,https://planner.langaracs.ca/courses/WMDD/4950
FLMA 1271,FLMA,https://planner.langaracs.ca/courses/FLMA/1271
FLMA 1272,FLMA,https://planner.langaracs.ca/courses/FLMA/1272
COOP 2314,COOP,https://planner.langaracs.ca/courses/COOP/2314
COOP 2301,COOP,https://planner.langaracs.ca/courses/COOP/2301
KINS 2235,KINS,https://planner.langaracs.ca/courses/KINS/2235
MATH 1262,MATH,https://planner.langaracs.ca/courses/MATH/1262
MATH 1162,MATH,https://planner.langaracs.ca/courses/MATH/1162
RECR 2470,RECR,https://planner.langaracs.ca/courses/RECR/2470
RECR 2361,RECR,https://planner.langaracs.ca/courses/RECR/2361
RECR 1168,RECR,https://planner.langaracs.ca/courses/RECR/1168
GERO 2200,GERO,https://planner.langaracs.ca/courses/GERO/2200
EDAS 1200,EDAS,https://planner.langaracs.ca/courses/EDAS/1200
EDAS 1100,EDAS,https://planner.langaracs.ca/courses/EDAS/1100
GREK 1215,GREK,https://planner.langaracs.ca/courses/GREK/1215
WMDD 4998,WMDD,https://planner.langaracs.ca/courses/WMDD/4998
PHOT 2490,PHOT,https://planner.langaracs.ca/courses/PHOT/2490
PHOT 1190,PHOT,https://planner.langaracs.ca/courses/PHOT/1190
FINA 2210,FINA,https://planner.langaracs.ca/courses/FINA/2210
LIBR 2315,LIBR,https://planner.langaracs.ca/courses/LIBR/2315
BIOL 3315,BIOL,https://planner.langaracs.ca/courses/BIOL/3315
BIOL 3430,BIOL,https://planner.langaracs.ca/courses/BIOL/3430
CPSC 3280,CPSC,https://planner.langaracs.ca/courses/CPSC/3280
FLMA 1280,FLMA,https://planner.langaracs.ca/courses/FLMA/1280
FLMA 1180,FLMA,https://planner.langaracs.ca/courses/FLMA/1180
BINF 4225,BINF,https://planner.langaracs.ca/courses/BINF/4225
BINF 4215,BINF,https://planner.langaracs.ca/courses/BINF/4215
SSRV 1233,SSRV,https://planner.langaracs.ca/courses/SSRV/1233
ABST 2120,ABST,https://planner.langaracs.ca/courses/ABST/2120
SPAN 2219,SPAN,https://planner.langaracs.ca/courses/SPAN/2219
MATH 1170,MATH,https://planner.langaracs.ca/courses/MATH/1170
Calculus 12,HS Course,
MARK 2430,MARK,https://planner.langaracs.ca/courses/MARK/2430
PHOT 2420,PHOT,https://planner.langaracs.ca/courses/PHOT/2420
FINA 1160,FINA,https://planner.langaracs.ca/courses/FINA/1160
HSCI 2211,HSCI,https://planner.langaracs.ca/courses/HSCI/2211
HSCI 1130,HSCI,https://planner.langaracs.ca/courses/HSCI/1130
HKIN 1190,HKIN,https://planner.langaracs.ca/courses/HKIN/1190
HSCI 2216,HSCI,https://planner.langaracs.ca/courses/HSCI/2216
COOP 2502,COOP,https://planner.langaracs.ca/courses/COOP/2502
COOP 2503,COOP,https://planner.langaracs.ca/courses/COOP/2503
MARK 2200,MARK,https://planner.langaracs.ca/courses/MARK/2200
Precalculus 11,HS Course,
Foundations of Math 11,HS Course,
Foundations of Math 12,HS Course,
Apprentice and Workplace Math 12,HS Course,
MATH 1150,MATH,https://planner.langaracs.ca/courses/MATH/1150
CMNS 1114,CMNS,https://planner.langaracs.ca/courses/CMNS/1114
MATH 1118,MATH,https://planner.langaracs.ca/courses/MATH/1118
MATH 1119,MATH,https://planner.langaracs.ca/courses/MATH/1119
ENGL 1121,ENGL,https://planner.langaracs.ca/courses/ENGL/1121
LEAP,Exam,
CRIM 1220,CRIM,https://planner.langaracs.ca/courses/CRIM/1220
LPI,Exam,
CRIM 1115,CRIM,https://planner.langaracs.ca/courses/CRIM/1115
CRIM 1116,CRIM,https://planner.langaracs.ca/courses/CRIM/1116
CRIM 1125,CRIM,https://planner.langaracs.ca/courses/CRIM/1125
ECON 1119,ECON,https://planner.langaracs.ca/courses/ECON/1119
HIST 1116,HIST,https://planner.langaracs.ca/courses/HIST/1116
HIST 1126,HIST,https://planner.langaracs.ca/courses/HIST/1126
PHIL 1100,PHIL,https://planner.langaracs.ca/courses/PHIL/1100
PHIL 1101,PHIL,https://planner.langaracs.ca/courses/PHIL/1101
CRIM 2103,CRIM,https://planner.langaracs.ca/courses/CRIM/2103
MATH 1190,MATH,https://planner.langaracs.ca/courses/MATH/1190
Foundations of Mathematics 12,HS Course,
MATH 1101,MATH,https://planner.langaracs.ca/courses/MATH/1101
MARK 1250,MARK,https://planner.langaracs.ca/courses/MARK/1250
BC English 12,HS Course,
BC English Literature 12,HS Course,
BC English First Peoples 12,HS Course,
CHEM 1114,CHEM,https://planner.langaracs.ca/courses/CHEM/1114
Chemistry 11,HS Course,
Langara Math Diagnostic Test,Exam,
CPSC 1090,CPSC,https://planner.langaracs.ca/courses/CPSC/1090
Mathematics Diagnostic Test,Exam,
Principles of Physics 12,HS Course,
BUSM 1200,BUSM,https://planner.langaracs.ca/courses/BUSM/1200
BUSM 2115,BUSM,https://planner.langaracs.ca/courses/BUSM/2115
BUSM 1115,BUSM,https://planner.langaracs.ca/courses/BUSM/1115
FSIE 1120,FSIE,https://planner.langaracs.ca/courses/FSIE/1120
Foundations of Mathematics 11,HS Course,
MARK 2100,MARK,https://planner.langaracs.ca/courses/MARK/2100
LEAP 8,LEAP,https://planner.langaracs.ca/courses/LEAP/8
CPSC 1091,CPSC,https://planner.langaracs.ca/courses/CPSC/1091
HSCI 1180,HSCI,https://planner.langaracs.ca/courses/HSCI/1180
HSCI 1120,HSCI,https://planner.langaracs.ca/courses/HSCI/1120
HSCI 1140,HSCI,https://planner.langaracs.ca/courses/HSCI/1140
HSCI 1160,HSCI,https://planner.langaracs.ca/courses/HSCI/1160
MATH 1100,MATH,https://planner.langaracs.ca/courses/MATH/1100
CRIM 2416,CRIM,https://planner.langaracs.ca/courses/CRIM/2416
Langara English Test,Exam,
CRIM 2315,CRIM,https://planner.langaracs.ca/courses/CRIM/2315
CRIM 2316,CRIM,https://planner.langaracs.ca/courses/CRIM/2316
CHEM 1221,CHEM,https://planner.langaracs.ca/courses/CHEM/1221
MARK 2400,MARK,https://planner.langaracs.ca/courses/MARK/2400
PUBL 1115,PUBL,https://planner.langaracs.ca/courses/PUBL/1115
PUBL 1155,PUBL,https://planner.langaracs.ca/courses/PUBL/1155
JOUR 1100,JOUR,https://planner.langaracs.ca/courses/JOUR/1100
equivalent,HS Course,
TOEFL - internet-based (IBT),Exam,
CAEL,Exam,
CRIM 2104,CRIM,https://planner.langaracs.ca/courses/CRIM/2104
ENGL 1135,ENGL,https://planner.langaracs.ca/courses/ENGL/1135
ENGL 1395,ENGL,https://planner.langaracs.ca/courses/ENGL/1395
RECR 4160,RECR,https://planner.langaracs.ca/courses/RECR/4160
RECR 4270,RECR,https://planner.langaracs.ca/courses/RECR/4270
RECR 3260,RECR,https://planner.langaracs.ca/courses/RECR/3260
RECR 4150,RECR,https://planner.langaracs.ca/courses/RECR/4150
RECR 3230,RECR,https://planner.langaracs.ca/courses/RECR/3230
FMGT 2308,FMGT,https://planner.langaracs.ca/courses/FMGT/2308
SPAN 1205,SPAN,https://planner.langaracs.ca/courses/SPAN/1205
SPAN 1118,SPAN,https://planner.langaracs.ca/courses/SPAN/1118
CHEM 2250,CHEM,https://planner.langaracs.ca/courses/CHEM/2250
MATH 2365,MATH,https://planner.langaracs.ca/courses/MATH/2365
CPSC 2301,CPSC,https://planner.langaracs.ca/courses/CPSC/2301
ECON 2296,ECON,https://planner.langaracs.ca/courses/ECON/2296
LIBR 2419,LIBR,https://planner.langaracs.ca/courses/LIBR/2419
MARK 4250,MARK,https://planner.langaracs.ca/courses/MARK/4250
PHYS 1114,PHYS,https://planner.langaracs.ca/courses/PHYS/1114
MATH 1283,MATH,https://planner.langaracs.ca/courses/MATH/1283
Data Analytics Math Assessment Test,Exam,
CPSC 2030,CPSC,https://planner.langaracs.ca/courses/CPSC/2030
ENVS 2391,ENVS,https://planner.langaracs.ca/courses/ENVS/2391
BIOL 1118,BIOL,https://planner.langaracs.ca/courses/BIOL/1118
BIOL 1218,BIOL,https://planner.langaracs.ca/courses/BIOL/1218
ENVS 2390,ENVS,https://planner.langaracs.ca/courses/ENVS/2390
ENVS 2470,ENVS,https://planner.langaracs.ca/courses/ENVS/2470
BCAP 4200,BCAP,https://planner.langaracs.ca/courses/BCAP/4200
BUSM 3500,BUSM,https://planner.langaracs.ca/courses/BUSM/3500
BUSM 4100,BUSM,https://planner.langaracs.ca/courses/BUSM/4100
GEOG 2250,GEOG,https://planner.langaracs.ca/courses/GEOG/2250
GEOG 2210,GEOG,https://planner.langaracs.ca/courses/GEOG/2210
GEOG 2230,GEOG,https://planner.langaracs.ca/courses/GEOG/2230
GEOG 2270,GEOG,https://planner.langaracs.ca/courses/GEOG/2270
GEOG 1100,GEOG,https://planner.langaracs.ca/courses/GEOG/1100
LAMS 1100,LAMS,https://planner.langaracs.ca/courses/LAMS/1100
LAMS 1101,LAMS,https://planner.langaracs.ca/courses/LAMS/1101
INTB 4100,INTB,https://planner.langaracs.ca/courses/INTB/4100
INTB 2000,INTB,https://planner.langaracs.ca/courses/INTB/2000
MATH 2371,MATH,https://planner.langaracs.ca/courses/MATH/2371
HSCI 2215,HSCI,https://planner.langaracs.ca/courses/HSCI/2215
HSCI 2214,HSCI,https://planner.langaracs.ca/courses/HSCI/2214
HSCI 2212,HSCI,https://planner.langaracs.ca/courses/HSCI/2212
MARK 3210,MARK,https://planner.langaracs.ca/courses/MARK/3210
MARK 3200,MARK,https://planner.langaracs.ca/courses/MARK/3200
MARK 3150,MARK,https://planner.langaracs.ca/courses/MARK/3150
GERO 2225,GERO,https://planner.langaracs.ca/courses/GERO/2225
LIBR 1395,LIBR,https://planner.langaracs.ca/courses/LIBR/1395
GEOG 2240,GEOG,https://planner.langaracs.ca/courses/GEOG/2240
FMGT 2475,FMGT,https://planner.langaracs.ca/courses/FMGT/2475
FMGT 1285,FMGT,https://planner.langaracs.ca/courses/FMGT/1285
COOP 2302,COOP,https://planner.langaracs.ca/courses/COOP/2302
COOP 2303,COOP,https://planner.langaracs.ca/courses/COOP/2303
KINS 2280,KINS,https://planner.langaracs.ca/courses/KINS/2280
KINS 1101,KINS,https://planner.langaracs.ca/courses/KINS/1101
PSYC 2425,PSYC,https://planner.langaracs.ca/courses/PSYC/2425
HSCI 2230,HSCI,https://planner.langaracs.ca/courses/HSCI/2230
PSYC 2321,PSYC,https://planner.langaracs.ca/courses/PSYC/2321
HSCI 2207,HSCI,https://planner.langaracs.ca/courses/HSCI/2207
CPSC 2261,CPSC,https://planner.langaracs.ca/courses/CPSC/2261
AHIS 1219,AHIS,https://planner.langaracs.ca/courses/AHIS/1219
PUBL 1100,PUBL,https://planner.langaracs.ca/courses/PUBL/1100
PUBL 1900,PUBL,https://planner.langaracs.ca/courses/PUBL/1900
BUSM 1285,BUSM,https://planner.langaracs.ca/courses/BUSM/1285
FMGT 2371,FMGT,https://planner.langaracs.ca/courses/FMGT/2371
FMGT 2474,FMGT,https://planner.langaracs.ca/courses/FMGT/2474
JOUR 2450,JOUR,https://planner.langaracs.ca/courses/JOUR/2450
POLI 2275,POLI,https://planner.langaracs.ca/courses/POLI/2275
POLI 2265,POLI,https://planner.langaracs.ca/courses/POLI/2265
POLI 2255,POLI,https://planner.langaracs.ca/courses/POLI/2255
EXPE 4844,EXPE,https://planner.langaracs.ca/courses/EXPE/4844
EXPE 4800,EXPE,https://planner.langaracs.ca/courses/EXPE/4800
EXPE 4834,EXPE,https://planner.langaracs.ca/courses/EXPE/4834
BUSM 2450,BUSM,https://planner.langaracs.ca/courses/BUSM/2450
BUSM 1100,BUSM,https://planner.langaracs.ca/courses/BUSM/1100
MARK 2000,MARK,https://planner.langaracs.ca/courses/MARK/2000
CRIM 2295,CRIM,https://planner.langaracs.ca/courses/CRIM/2295
CRIM 1215,CRIM,https://planner.langaracs.ca/courses/CRIM/1215
CRIM 1216,CRIM,https://planner.langaracs.ca/courses/CRIM/1216
MATH 1210,MATH,https://planner.langaracs.ca/courses/MATH/1210
LETN,Exam,
EXPE 2300,EXPE,https://planner.langaracs.ca/courses/EXPE/2300
SSRV 2000,SSRV,https://planner.langaracs.ca/courses/SSRV/2000
BUSM 2300,BUSM,https://planner.langaracs.ca/courses/BUSM/2300
CRIM 2415,CRIM,https://planner.langaracs.ca/courses/CRIM/2415
CJUS 2418,CJUS,https://planner.langaracs.ca/courses/CJUS/2418
SSRV 2001,SSRV,https://planner.langaracs.ca/courses/SSRV/2001
CPSC 2190,CPSC,https://planner.langaracs.ca/courses/CPSC/2190
KINS 2370,KINS,https://planner.langaracs.ca/courses/KINS/2370
KINS 2206,KINS,https://planner.langaracs.ca/courses/KINS/2206
Pre-calculus 11,HS Course,
Pre-calculus 12,HS Course,
